sequence_id,start_reason,gap_before_minutes,start_record_id,end_record_id,start_time,end_time,row_count,duration_minutes,estimated_sample_interval_seconds,sampling_interval_status
1,dataset_start,,1,534,2026-06-24 14:32:00,2026-06-24 16:58:00,534,146.0,16.435272045028142,confirmed
2,gap_over_3m,45.0,535,4980,2026-06-24 17:43:00,2026-06-25 13:53:00,4445,1210.0,16.336633663366335,confirmed
3,gap_over_3m,10.0,4981,18929,2026-06-25 14:03:00,2026-06-28 05:19:00,13948,3796.0,16.330393633039364,confirmed
4,backward_timestamp,-2.0,18930,18930,2026-06-28 05:17:00,2026-06-28 05:17:00,1,0.0,,not_estimable
5,gap_over_3m,171.0,18931,28693,2026-06-28 08:08:00,2026-06-30 04:23:00,9762,2655.0,16.320049175289416,confirmed
6,backward_timestamp,-6.0,28694,28694,2026-06-30 04:17:00,2026-06-30 04:17:00,1,0.0,,not_estimable
7,gap_over_3m,189.0,28695,48646,2026-06-30 07:26:00,2026-07-04 02:04:00,19944,5438.0,16.360627789199217,confirmed
8,gap_over_3m,344.0,48648,51317,2026-07-04 07:48:00,2026-07-04 19:55:00,2669,727.0,16.349325337331333,confirmed
9,gap_over_3m,924.0,51319,53075,2026-07-05 11:19:00,2026-07-05 19:18:00,1757,479.0,16.366742596810933,confirmed
